ID,Origen,Estado,Modelo,Optimizador,Preentrenado,Ajuste,Datos,Train,Val,Top-1,Top-5,Macro-F1,Weighted-F1,Parámetros,GPU,Train segundos,Val segundos,Checkpoint época
D-A1,khipu-diego,PUBLICADO Y VERIFICADO,resnet18,sgdm,False,completo,completo,500000,100000,0.08251,0.20331,0.07353995289483503,0.07353995289483503,16296912,NVIDIA A100-PCIE-40GB MIG 3g.20gb,665.0406038761139,64.8192765712738,8
D-A2,khipu-diego,PUBLICADO Y VERIFICADO,resnet18,sgdm,False,completo,completo,500000,100000,0.21497,0.41165,0.21203675417394627,0.21203675417394624,16306512,NVIDIA A100-PCIE-40GB MIG 3g.20gb,1140.7210576534271,89.85981297492981,12
D-A3,khipu-diego,PUBLICADO Y VERIFICADO,resnet18,sgdm,False,completo,completo,500000,100000,0.21209,0.4142,0.20479534423120602,0.204795344231206,16306512,NVIDIA A100-PCIE-40GB MIG 3g.20gb,1142.738208770752,91.00733208656311,12
D-A4,khipu-diego,PUBLICADO Y VERIFICADO,resnet18,sgdm,False,completo,completo,500000,100000,0.26513,0.48025,0.2540987801704896,0.25409878017048965,16306512,NVIDIA A100-PCIE-40GB,636.1303701400757,51.37808156013489,16
D-A5,khipu-diego,PUBLICADO Y VERIFICADO,resnet18,sgdm,False,completo,completo,500000,100000,0.2939,0.51457,0.28318660544397123,0.28318660544397123,16306512,NVIDIA A100-PCIE-40GB,871.7775011062622,67.11696410179138,16
D-A6,khipu-diego,PUBLICADO Y VERIFICADO,resnet18,sgdm,False,completo,completo,500000,100000,0.29819,0.51587,0.29217262110239217,0.29217262110239217,16306512,NVIDIA A100-PCIE-40GB,599.3993244171143,49.81822609901428,15
D-E01,khipu-diego,PUBLICADO Y VERIFICADO,mlp,adam,False,completo,completo,500000,100000,0.01086,0.03387,0.008389417630265584,0.008389417630265582,18647824,NVIDIA RTX A6000,500.6567895412445,27.821799516677856,6
D-E02,khipu-diego,PUBLICADO Y VERIFICADO,mlp,adam,False,completo,completo,500000,100000,0.01001,0.03201,0.005861803787045253,0.005861803787045253,37522192,NVIDIA A100-PCIE-40GB MIG 2g.10gb,295.1986813545227,34.19956016540527,4
D-E03,khipu-diego,PUBLICADO Y VERIFICADO,resnet18,sgdm,False,completo,completo,500000,100000,0.32353,0.54478,0.3176957218900618,0.31769572189006173,16306512,NVIDIA RTX A6000,1642.964575767517,141.27521681785583,15
D-E04,khipu-diego,PUBLICADO Y VERIFICADO,resnet50,sgdm,False,completo,completo,500000,100000,0.37625,0.60369,0.37094137453716813,0.3709413745371681,43998032,NVIDIA RTX A6000,4515.93517947197,305.8311336040497,16
D-E05,khipu-diego,PUBLICADO Y VERIFICADO,efficientnet_b0,sgdm,False,completo,completo,500000,100000,0.37018,0.59999,0.36281423328141055,0.36281423328141055,16817548,NVIDIA RTX A6000,2201.937118768692,112.08043146133423,15
D-E06,khipu-diego,PUBLICADO Y VERIFICADO,resnet18,sgd,False,completo,completo,500000,100000,0.17298,0.35553,0.15766053093084453,0.1576605309308445,16306512,NVIDIA A100-PCIE-40GB MIG 3g.20gb,1135.7552058696747,90.28130722045898,15
D-E07,khipu-diego,PUBLICADO Y VERIFICADO,resnet18,sgdm,False,completo,completo,500000,100000,0.25935,0.46884,0.2476289046207292,0.24762890462072923,16306512,NVIDIA A100-PCIE-40GB MIG 3g.20gb,1162.1196246147156,89.68721866607666,16
D-E08,khipu-diego,PUBLICADO Y VERIFICADO,resnet18,sgdm,False,completo,completo,500000,100000,0.34668,0.56633,0.3426954714611946,0.3426954714611946,16306512,NVIDIA A100-PCIE-40GB MIG 3g.20gb,1162.7347276210785,90.12783694267273,16
D-E09,khipu-diego,PUBLICADO Y VERIFICADO,resnet18,adam,False,completo,completo,500000,100000,0.32631,0.54835,0.3204528343155128,0.3204528343155128,16306512,NVIDIA A100-PCIE-40GB MIG 3g.20gb,1184.0902304649353,90.8887414932251,15
D-E10,khipu-diego,PUBLICADO Y VERIFICADO,resnet18,adam,False,completo,completo,500000,100000,0.15646,0.32863,0.14084628757154813,0.14084628757154813,16306512,NVIDIA A100-PCIE-40GB MIG 3g.20gb,1184.9862928390503,90.66796946525574,15
D-E11,khipu-diego,PUBLICADO Y VERIFICADO,resnet18,adam,False,completo,completo,500000,100000,0.16697,0.34533,0.15328804178797584,0.15328804178797584,16306512,NVIDIA A100-PCIE-40GB MIG 3g.20gb,1184.4802942276,90.79825329780579,16
D-E12,khipu-diego,PUBLICADO Y VERIFICADO,resnet18,adamw,False,completo,completo,500000,100000,0.2927,0.50506,0.2874535845468052,0.28745358454680514,16306512,NVIDIA A100-PCIE-40GB MIG 3g.20gb,1181.510588169098,90.16019773483276,16
D-L2,khipu-diego,PUBLICADO Y VERIFICADO,resnet50,sgdm,True,completo,longtail,120474,100000,0.21943,0.38923,0.1751580929455949,0.17515809294559487,43998032,NVIDIA RTX A6000,653.6142897605896,183.4537534713745,12
D-L3,khipu-diego,PUBLICADO Y VERIFICADO,resnet50,sgdm,True,completo,longtail,120474,100000,0.19469,0.33489,0.15456086288481907,0.15456086288481904,43998032,NVIDIA RTX A6000,613.1085147857666,170.04600071907043,11
D-L4,khipu-diego,PUBLICADO Y VERIFICADO,resnet50,sgdm,True,completo,longtail,120474,100000,0.24007,0.42197,0.213606498965628,0.21360649896562797,43998032,NVIDIA RTX A6000,655.0508077144623,182.61841106414795,13
D-L5,khipu-diego,PUBLICADO Y VERIFICADO,resnet50,sgdm,True,completo,longtail,120474,100000,0.19348,0.34272,0.15463776349759345,0.15463776349759345,43998032,NVIDIA A100-PCIE-40GB MIG 3g.20gb,775.0583517551422,209.22538304328918,14
D-T1,khipu-diego,PUBLICADO Y VERIFICADO,resnet50,sgdm,True,congelado,completo,500000,100000,0.26679,0.47849,0.2564299227596841,0.25642992275968407,43998032,NVIDIA A100-PCIE-40GB MIG 2g.10gb,2207.324869632721,399.24995589256287,13
D-T2,khipu-diego,PUBLICADO Y VERIFICADO,resnet50,sgdm,True,parcial,completo,500000,100000,0.43803,0.65874,0.43483905575474346,0.43483905575474346,43998032,NVIDIA A100-PCIE-40GB MIG 2g.10gb,2650.126889705658,406.9305045604706,15
D-T3,khipu-diego,PUBLICADO Y VERIFICADO,resnet50,sgdm,True,completo,completo,500000,100000,0.5045,0.72089,0.5014790117965285,0.5014790117965285,43998032,NVIDIA A100-PCIE-40GB MIG 2g.10gb,6910.819693565369,484.11565113067627,15
D-T4,khipu-diego,PUBLICADO Y VERIFICADO,resnet50,sgdm,True,completo,completo,500000,100000,0.50008,0.71659,0.49702631299265027,0.4970263129926502,43998032,NVIDIA A100-PCIE-40GB MIG 3g.20gb,3277.599417448044,209.22296357154846,16
N01,Extensión,COMPLETED,convnext_tiny,adam,False,completo,completo,500000,100000,0.19222,0.37155,0.1822080177081653,0.18220801770816528,35510128,NVIDIA RTX A6000,5231.4429359436035,357.01274824142456,15
N02,Extensión,COMPLETED,convnext_tiny,muon,False,completo,completo,500000,100000,0.29558,0.50514,0.28582769977929606,0.28582769977929606,35510128,NVIDIA RTX A6000,6560.092022418976,269.0599699020386,16
N03,Extensión,COMPLETED,convnext_tiny,adam,True,completo,completo,500000,100000,0.58263,0.77801,0.5812454656931482,0.5812454656931482,35510128,NVIDIA RTX A6000,3904.521120071411,235.6013855934143,15
N04,Extensión,COMPLETED,convnext_tiny,muon,True,completo,completo,500000,100000,0.57356,0.77143,0.5716874727327819,0.5716874727327819,35510128,NVIDIA RTX A6000,6082.873685121536,235.80407571792603,15
